{"training_loss": 0.025201069191098213, "validation_loss": 0.5239906311035156, "training_accuracy": 0.9927, "best_epoch_validation_accuracy": 0.8973333333333333, "best_epoch_validation_loss": 0.35716259479522705}