{"training_loss": 0.10411764681339264, "validation_loss": 0.4007202982902527, "training_accuracy": 0.9588, "best_epoch_validation_accuracy": 0.8583333333333333, "best_epoch_validation_loss": 0.4007202982902527}