{"training_loss": 0.12327469885349274, "validation_loss": 0.31426185369491577, "training_accuracy": 0.9534, "best_epoch_validation_accuracy": 0.9116666666666666, "best_epoch_validation_loss": 0.31426185369491577}