{"training_loss": 0.07758461683988571, "validation_loss": 0.49643105268478394, "training_accuracy": 0.9704, "best_epoch_validation_accuracy": 0.8786666666666667, "best_epoch_validation_loss": 0.49643105268478394}