{"training_loss": 0.08074583858251572, "validation_loss": 0.2981034219264984, "training_accuracy": 0.9786, "best_epoch_validation_accuracy": 0.8866666666666667, "best_epoch_validation_loss": 0.2823849022388458}