{"training_loss": 0.13175751268863678, "validation_loss": 0.3527813255786896, "training_accuracy": 0.9752, "best_epoch_validation_accuracy": 0.8486666666666667, "best_epoch_validation_loss": 0.3527813255786896}