{"training_loss": 0.24039162695407867, "validation_loss": 0.29484859108924866, "training_accuracy": 0.9034, "best_epoch_validation_accuracy": 0.8786666666666667, "best_epoch_validation_loss": 0.29484859108924866}