{"training_loss": 0.2388996183872223, "validation_loss": 0.5189753770828247, "training_accuracy": 0.907, "best_epoch_validation_accuracy": 0.8023333333333333, "best_epoch_validation_loss": 0.4432092308998108}