{"training_loss": 0.3223802447319031, "validation_loss": 0.41741088032722473, "training_accuracy": 0.9476, "best_epoch_validation_accuracy": 0.8366666666666667, "best_epoch_validation_loss": 0.41741088032722473}