{"training_loss": 0.06985285133123398, "validation_loss": 0.34864717721939087, "training_accuracy": 0.9782, "best_epoch_validation_accuracy": 0.8863333333333333, "best_epoch_validation_loss": 0.27846676111221313}