{"training_loss": 0.280854195356369, "validation_loss": 0.38597288727760315, "training_accuracy": 0.88, "best_epoch_validation_accuracy": 0.8326666666666667, "best_epoch_validation_loss": 0.38597288727760315}