{"training_loss": 0.6920048594474792, "validation_loss": 0.6919223666191101, "training_accuracy": 0.5284166666666666, "best_epoch_validation_accuracy": 0.5338, "best_epoch_validation_loss": 0.6919223666191101}