{"training_loss": 0.07454803586006165, "validation_loss": 0.37086355686187744, "training_accuracy": 0.9848, "best_epoch_validation_accuracy": 0.8483333333333334, "best_epoch_validation_loss": 0.35219722986221313}