{"training_loss": 0.1390794962644577, "validation_loss": 0.32060545682907104, "training_accuracy": 0.9482, "best_epoch_validation_accuracy": 0.8873333333333333, "best_epoch_validation_loss": 0.32060545682907104}