{"training_loss": 0.2986234724521637, "validation_loss": 0.37850648164749146, "training_accuracy": 0.8786, "best_epoch_validation_accuracy": 0.8266666666666667, "best_epoch_validation_loss": 0.3818341791629791}