{"training_loss": 0.29691097140312195, "validation_loss": 0.3760561943054199, "training_accuracy": 0.8778, "best_epoch_validation_accuracy": 0.8283333333333334, "best_epoch_validation_loss": 0.3760561943054199}