{"training_loss": 0.3382680118083954, "validation_loss": 0.4217038154602051, "training_accuracy": 0.8578, "best_epoch_validation_accuracy": 0.817, "best_epoch_validation_loss": 0.4217038154602051}