{"training_loss": 0.6934455633163452, "validation_loss": 0.6933813691139221, "training_accuracy": 0.50125, "best_epoch_validation_accuracy": 0.5001, "best_epoch_validation_loss": 0.6933943033218384}