{"training_loss": 0.019789766520261765, "validation_loss": 0.40633440017700195, "training_accuracy": 0.9941333333333333, "best_epoch_validation_accuracy": 0.928, "best_epoch_validation_loss": 0.29180070757865906}