{"training_loss": 3.658033620013157e-06, "validation_loss": 1.25830078125, "training_accuracy": 1.0, "best_epoch_validation_accuracy": 0.859, "best_epoch_validation_loss": 0.44019657373428345}