{"training_loss": 0.09573981165885925, "validation_loss": 0.28040939569473267, "training_accuracy": 0.978, "best_epoch_validation_accuracy": 0.8893333333333333, "best_epoch_validation_loss": 0.28847363591194153}