{"training_loss": 0.015173688530921936, "validation_loss": 0.95508873462677, "training_accuracy": 0.9942, "best_epoch_validation_accuracy": 0.8886666666666667, "best_epoch_validation_loss": 0.3716791868209839}