{"training_loss": 0.08851806819438934, "validation_loss": 0.2856576144695282, "training_accuracy": 0.9784, "best_epoch_validation_accuracy": 0.8883333333333333, "best_epoch_validation_loss": 0.2773281931877136}