{"training_loss": 0.11224385350942612, "validation_loss": 0.2642310559749603, "training_accuracy": 0.9588666666666666, "best_epoch_validation_accuracy": 0.9303333333333333, "best_epoch_validation_loss": 0.2642310559749603}