{"training_loss": 0.03255325183272362, "validation_loss": 0.39980271458625793, "training_accuracy": 0.993, "best_epoch_validation_accuracy": 0.8593333333333333, "best_epoch_validation_loss": 0.34086504578590393}