{"training_loss": 0.6951403021812439, "validation_loss": 0.6934372782707214, "training_accuracy": 0.5006166666666667, "best_epoch_validation_accuracy": 0.5, "best_epoch_validation_loss": 0.6934444904327393}