{"training_loss": 0.20342296361923218, "validation_loss": 0.2712158262729645, "training_accuracy": 0.9242666666666667, "best_epoch_validation_accuracy": 0.8996666666666666, "best_epoch_validation_loss": 0.2712158262729645}