{"training_loss": 0.36800849437713623, "validation_loss": 0.4333724081516266, "training_accuracy": 0.8492, "best_epoch_validation_accuracy": 0.7956666666666666, "best_epoch_validation_loss": 0.4333724081516266}